{
    "Student": [
        {
            "name": "Keerthi",
            "age": 23,
            "_id": "AC5001",
            "course": "C++",
            "gender": "Female",
            "image": ""
        },
        {
            "name": "Harsh",
            "age": 24,
            "_id": "AC5002",
            "gender": "Male",
            "course": "C"
        },
        {
            "name": "Koman",
            "age": 21,
            "_id": "AC5003",
            "gender": "Female",
            "course": "JAVA"
        },
        {
            "name": "Aravindh",
            "age": 25,
            "_id": "AC5004",
            "course": "Python",
            "gender": "Male"

        }
    ]
}